{"cameraMode":{"drawMode":0,"name":"Shaded","section":"Shading Mode"},"sceneLighting":false,"audioPlay":false,"sceneViewState":{"m_AlwaysRefresh":false,"showFog":true,"showSkybox":false,"showFlares":true,"showImageEffects":true,"showParticleSystems":true,"showVisualEffectGraphs":true,"m_FxEnabled":true},"in2DMode":false,"pivot":{"x":1.9948245286941529,"y":1.0305982828140259,"z":-2.545480251312256},"rotation":{"x":0.04568706080317497,"y":-0.1465902477502823,"z":-0.0067057437263429169,"w":-0.9881560802459717},"size":2.280439853668213,"orthographic":false}