{"cameraMode":{"drawMode":0,"name":"Shaded","section":"Shading Mode"},"sceneLighting":false,"audioPlay":false,"sceneViewState":{"m_AlwaysRefresh":false,"showFog":true,"showSkybox":false,"showFlares":true,"showImageEffects":true,"showParticleSystems":true,"showVisualEffectGraphs":true,"m_FxEnabled":true},"in2DMode":false,"pivot":{"x":-0.5046173334121704,"y":1.172300100326538,"z":-0.3731873035430908},"rotation":{"x":0.002039069775491953,"y":-0.9981251955032349,"z":0.040748704224824908,"w":0.04641232267022133},"size":1.6866092681884766,"orthographic":false}